,STATE/UT,DISTRICT,YEAR,MURDER,ATTEMPT TO MURDER,CULPABLE HOMICIDE NOT AMOUNTING TO MURDER,RAPE,CUSTODIAL RAPE,OTHER RAPE,KIDNAPPING & ABDUCTION,KIDNAPPING AND ABDUCTION OF WOMEN AND GIRLS,KIDNAPPING AND ABDUCTION OF OTHERS,DACOITY,PREPARATION AND ASSEMBLY FOR DACOITY,ROBBERY,BURGLARY,THEFT,AUTO THEFT,OTHER THEFT,RIOTS,CRIMINAL BREACH OF TRUST,CHEATING,COUNTERFIETING,ARSON,HURT/GREVIOUS HURT,DOWRY DEATHS,ASSAULT ON WOMEN WITH INTENT TO OUTRAGE HER MODESTY,INSULT TO MODESTY OF WOMEN,CRUELTY BY HUSBAND OR HIS RELATIVES,IMPORTATION OF GIRLS FROM FOREIGN COUNTRIES,CAUSING DEATH BY NEGLIGENCE,OTHER IPC CRIMES,TOTAL IPC CRIMES,GDP
2163,ANDHRA PRADESH,ADILABAD,2004,113,83,11,50,0,50,48,42,6,4,0,9,177,256,46,210,88,34,152,5,30,1266,14,135,71,296,0,271,1898,5011,6527.41
2892,ANDHRA PRADESH,ADILABAD,2005,108,48,13,53,0,53,65,46,19,9,0,20,191,329,53,276,68,13,173,4,30,1273,21,144,77,280,0,276,1838,5033,7058.6
3625,ANDHRA PRADESH,ADILABAD,2006,99,88,14,64,0,64,96,71,25,10,0,17,228,390,64,326,102,19,194,5,34,1447,22,185,107,423,0,313,2265,6122,8300.56
4365,ANDHRA PRADESH,ADILABAD,2007,112,61,12,46,0,46,83,72,11,4,0,9,211,481,80,401,95,15,179,2,17,1244,21,156,133,335,0,309,2160,5685,9860.16
5108,ANDHRA PRADESH,ADILABAD,2008,73,82,14,50,0,50,41,26,15,3,0,20,248,427,56,371,100,17,135,1,45,1289,5,174,103,355,0,336,1782,5300,12342.93
5869,ANDHRA PRADESH,ADILABAD,2009,85,39,11,67,0,67,73,56,17,6,0,20,200,351,82,269,101,11,161,7,35,1254,13,192,163,428,0,333,1762,5312,13291.0
6636,ANDHRA PRADESH,ADILABAD,2010,98,90,9,48,0,48,55,48,7,5,0,15,196,302,85,217,65,36,162,1,26,1044,18,133,155,429,0,342,1726,4955,16508.0
7415,ANDHRA PRADESH,ADILABAD,2011,109,94,8,84,0,84,77,70,7,5,0,8,230,346,96,250,85,24,175,3,33,1897,20,112,142,429,0,359,881,5121,17330.0
8206,ANDHRA PRADESH,ADILABAD,2012,81,80,14,88,0,88,82,61,21,2,0,14,240,373,104,269,56,25,216,3,35,2172,7,90,155,498,0,400,1079,5710,19641.0
2164,ANDHRA PRADESH,ANANTAPUR,2004,152,79,5,20,0,20,51,31,20,8,0,35,208,442,199,243,143,24,119,2,51,1142,11,196,50,147,0,299,1112,4296,9286.21
2893,ANDHRA PRADESH,ANANTAPUR,2005,172,125,3,16,0,16,60,30,30,17,0,21,178,439,203,236,102,15,96,7,59,1007,12,173,57,137,0,349,1500,4545,10047.71
3626,ANDHRA PRADESH,ANANTAPUR,2006,184,116,0,16,0,16,67,32,35,13,0,28,223,516,258,258,176,8,86,18,41,1132,16,187,11,189,0,396,1667,5090,11252.83
4366,ANDHRA PRADESH,ANANTAPUR,2007,149,85,3,31,0,31,87,35,52,10,0,20,203,603,76,527,85,13,125,17,8,1073,14,176,194,0,0,398,1888,5182,15937.45
5109,ANDHRA PRADESH,ANANTAPUR,2008,154,80,4,37,0,37,90,36,54,10,0,20,222,496,187,309,51,24,108,15,0,1050,12,133,132,0,0,334,2762,5734,17713.73
5870,ANDHRA PRADESH,ANANTAPUR,2009,140,78,4,22,0,22,68,60,8,9,0,24,176,547,47,500,98,24,104,26,22,1049,14,157,13,143,0,649,1814,5181,18647.0
6637,ANDHRA PRADESH,ANANTAPUR,2010,137,101,7,20,0,20,81,60,21,18,0,21,291,730,230,500,65,23,226,2,35,2066,20,132,35,250,0,574,1020,5854,22071.0
7416,ANDHRA PRADESH,ANANTAPUR,2011,171,108,5,16,0,16,83,83,0,13,0,15,247,645,175,470,85,16,155,1,38,1977,36,156,16,198,0,595,854,5430,25577.0
8207,ANDHRA PRADESH,ANANTAPUR,2012,173,123,3,18,0,18,74,63,11,14,1,6,211,581,155,426,41,12,168,3,24,2018,19,195,8,130,0,576,1043,5441,29133.0
2165,ANDHRA PRADESH,CHITTOOR,2004,105,52,1,28,0,28,69,27,42,8,0,17,337,1055,221,834,82,26,267,3,30,1065,22,116,197,234,0,2058,1188,6960,9048.39
2894,ANDHRA PRADESH,CHITTOOR,2005,105,40,0,35,0,35,72,58,14,9,0,24,281,1269,87,1182,87,32,222,10,30,891,9,91,223,202,0,541,2573,6746,10390.13
3627,ANDHRA PRADESH,CHITTOOR,2006,126,59,1,31,0,31,65,37,28,13,0,19,238,1037,194,843,95,29,181,48,22,996,18,123,190,249,0,563,2337,6440,11594.82
4367,ANDHRA PRADESH,CHITTOOR,2007,129,72,2,31,0,31,102,47,55,27,0,25,217,1134,302,832,74,26,248,5,48,1101,25,118,197,395,0,620,2499,7095,14241.18
5110,ANDHRA PRADESH,CHITTOOR,2008,123,65,7,30,0,30,84,57,27,6,0,20,260,1321,420,901,64,29,295,20,33,1017,26,104,250,288,0,730,2535,7307,15998.11
5871,ANDHRA PRADESH,CHITTOOR,2009,85,68,2,33,0,33,74,46,28,4,0,17,251,1208,521,687,104,25,276,32,45,1040,19,120,268,333,0,682,2582,7268,17628.0
6638,ANDHRA PRADESH,CHITTOOR,2010,100,50,1,44,0,44,85,56,29,8,0,12,149,484,116,368,58,16,152,7,19,827,32,136,121,388,0,552,1977,5218,22257.0
7417,ANDHRA PRADESH,CHITTOOR,2011,91,55,5,17,0,17,84,47,37,5,0,17,159,612,245,367,84,21,163,10,57,1848,25,124,168,421,0,500,758,5224,26862.0
8208,ANDHRA PRADESH,CHITTOOR,2012,91,75,5,28,0,28,56,49,7,3,0,10,136,501,208,293,32,9,217,4,27,622,33,90,269,339,0,520,1398,4465,30593.0
2168,ANDHRA PRADESH,EAST GODAVARI,2004,96,101,1,31,0,31,47,23,24,3,0,17,392,1106,171,935,105,86,251,12,23,3023,13,112,105,293,0,473,1451,7741,17289.9
2897,ANDHRA PRADESH,EAST GODAVARI,2005,110,130,0,27,0,27,69,3,66,3,0,28,403,1286,210,1076,98,119,265,24,35,2530,15,102,119,368,0,545,1986,8262,16827.15
3630,ANDHRA PRADESH,EAST GODAVARI,2006,85,116,2,41,0,41,81,28,53,5,0,29,520,1385,221,1164,89,114,319,20,39,3456,25,173,107,465,0,610,1375,9056,20208.88
4370,ANDHRA PRADESH,EAST GODAVARI,2007,99,114,2,30,0,30,84,64,20,1,0,19,428,1361,398,963,26,75,320,19,52,2538,19,159,131,561,0,692,1850,8580,24081.05
5113,ANDHRA PRADESH,EAST GODAVARI,2008,82,112,1,48,0,48,91,13,78,0,0,19,425,1189,256,933,48,109,328,36,47,3172,23,194,131,563,0,642,1175,8435,27446.05
5874,ANDHRA PRADESH,EAST GODAVARI,2009,93,96,5,47,0,47,80,60,20,1,0,29,456,1120,325,795,62,101,301,32,35,3047,23,196,178,440,0,666,1652,8660,31687.0
6641,ANDHRA PRADESH,EAST GODAVARI,2010,71,91,23,66,0,66,51,30,21,3,0,11,318,836,297,539,29,80,271,6,24,2060,20,193,188,246,0,577,1185,6349,34374.0
7420,ANDHRA PRADESH,EAST GODAVARI,2011,83,110,3,72,0,72,60,51,9,2,0,23,308,1000,364,636,31,88,280,23,34,2228,17,176,224,575,0,563,1211,7111,38600.0
8211,ANDHRA PRADESH,EAST GODAVARI,2012,70,94,3,71,0,71,54,40,14,1,0,16,345,861,281,580,31,82,204,16,38,2222,17,248,160,536,0,559,1317,6945,44254.0
2191,ANDHRA PRADESH,WEST GODAVARI,2004,72,108,3,81,0,81,66,43,23,0,0,13,345,1247,197,1050,57,78,349,8,40,1798,17,301,104,518,0,437,1728,7370,12704.42
2920,ANDHRA PRADESH,WEST GODAVARI,2005,81,119,0,69,0,69,58,35,23,2,0,27,300,1204,236,968,54,96,312,10,33,2404,17,232,118,410,0,454,1200,7200,12791.82
3653,ANDHRA PRADESH,WEST GODAVARI,2006,59,130,0,53,0,53,96,50,46,1,0,19,275,1251,236,1015,52,83,441,26,35,2444,23,354,117,4,0,452,1623,7538,14156.37
4393,ANDHRA PRADESH,WEST GODAVARI,2007,62,106,0,52,0,52,117,80,37,3,0,8,279,1194,227,967,33,45,365,22,24,2223,22,309,155,573,0,523,1319,7434,17473.1
5136,ANDHRA PRADESH,WEST GODAVARI,2008,78,98,3,117,0,117,112,70,42,2,0,18,403,1318,291,1027,33,68,355,20,27,2055,25,368,182,696,0,498,1737,8213,18552.27
5897,ANDHRA PRADESH,WEST GODAVARI,2009,73,124,5,114,0,114,115,89,26,0,0,25,364,1252,379,873,44,57,380,30,61,2216,14,384,196,729,0,610,1793,8586,22711.0
6668,ANDHRA PRADESH,WEST GODAVARI,2010,74,125,8,127,0,127,142,122,20,1,0,22,446,1218,448,770,199,74,370,5,29,2276,26,400,231,732,0,623,1145,8273,28340.0
7447,ANDHRA PRADESH,WEST GODAVARI,2011,74,92,2,97,0,97,144,90,54,2,0,20,433,1199,350,849,35,62,451,16,43,2389,27,364,238,760,0,634,1229,8311,30692.0
8238,ANDHRA PRADESH,WEST GODAVARI,2012,91,91,4,130,0,130,86,59,27,4,0,52,452,1008,294,714,11,49,403,14,37,2313,19,296,235,757,0,578,1237,7867,35456.0
2170,ANDHRA PRADESH,GUNTUR,2004,163,96,0,46,0,46,88,60,28,5,0,36,349,1479,110,1369,133,44,405,9,58,1714,32,186,104,397,0,437,2763,8544,11878.6
2899,ANDHRA PRADESH,GUNTUR,2005,165,88,1,55,0,55,87,56,31,14,0,35,293,1266,267,999,110,47,412,14,61,1480,16,166,203,366,0,495,2362,7736,14374.44
3632,ANDHRA PRADESH,GUNTUR,2006,155,119,4,47,0,47,99,35,64,3,0,19,303,1349,139,1210,139,73,507,26,73,1974,15,281,236,427,0,505,2726,9080,16183.82
4372,ANDHRA PRADESH,GUNTUR,2007,157,190,1,43,0,43,93,79,14,4,0,19,251,1128,290,838,60,42,376,18,77,1567,28,292,214,569,0,612,2918,8659,19125.08
5115,ANDHRA PRADESH,GUNTUR,2008,159,196,3,48,0,48,83,65,18,4,4,25,336,1233,392,841,64,40,393,21,74,1615,26,306,99,496,0,621,3065,8911,22550.47
5876,ANDHRA PRADESH,GUNTUR,2009,150,140,0,40,0,40,79,62,17,4,2,44,343,1186,407,779,71,28,384,45,72,2023,26,340,451,720,0,785,2873,9806,26441.0
6643,ANDHRA PRADESH,GUNTUR,2010,107,107,1,38,0,38,55,39,16,9,0,15,222,648,172,476,48,60,208,11,54,1408,20,282,409,456,0,550,1804,6512,30764.0
7422,ANDHRA PRADESH,GUNTUR,2011,88,73,2,40,0,40,58,57,1,4,0,8,255,691,80,611,36,25,278,15,40,2934,8,223,140,494,0,460,1154,7026,36133.0
8213,ANDHRA PRADESH,GUNTUR,2012,96,68,1,23,0,23,63,53,10,0,0,6,146,708,176,532,31,25,261,25,33,2309,21,252,83,656,0,461,2103,7371,41650.0
2171,ANDHRA PRADESH,HYDERABAD CITY,2004,121,135,1,56,0,56,136,62,74,11,2,71,1359,5735,2078,3657,141,110,2160,19,37,4837,29,144,206,1142,2,482,1932,18868,16932.79
2900,ANDHRA PRADESH,HYDERABAD CITY,2005,108,130,4,67,0,67,137,70,67,8,3,125,1161,5022,2012,3010,96,94,1880,17,40,4227,27,119,348,1309,0,514,1840,17276,20523.91
3633,ANDHRA PRADESH,HYDERABAD CITY,2006,125,116,6,93,0,93,143,77,66,12,0,99,1186,4408,1691,2717,128,84,1777,13,26,4581,29,189,108,1160,0,582,2430,17295,25016.85
4373,ANDHRA PRADESH,HYDERABAD CITY,2007,121,147,9,58,0,58,148,74,74,6,0,96,993,4542,1685,2857,214,116,1669,7,37,4352,41,216,128,1365,0,502,2624,17391,30038.38
5116,ANDHRA PRADESH,HYDERABAD CITY,2008,122,126,5,62,0,62,140,77,63,10,0,115,1143,5200,2106,3094,143,143,1875,42,44,4244,41,231,148,1184,0,482,3067,18567,35536.76
5877,ANDHRA PRADESH,HYDERABAD CITY,2009,153,110,5,47,0,47,108,55,53,5,0,59,969,5091,2095,2996,199,85,2007,49,7,3516,36,295,63,1363,0,516,3157,17840,39564.0
6645,ANDHRA PRADESH,HYDERABAD CITY,2010,134,143,8,45,0,45,121,41,80,7,0,54,906,4916,1543,3373,513,96,2021,29,15,3425,44,171,60,1420,0,542,2879,17549,47610.0
7424,ANDHRA PRADESH,HYDERABAD CITY,2011,117,136,6,59,0,59,95,39,56,8,0,40,693,4416,1823,2593,220,75,1864,44,50,3334,37,157,93,1355,0,505,2353,15657,54839.0
8215,ANDHRA PRADESH,HYDERABAD CITY,2012,102,166,6,74,0,74,88,31,57,12,0,57,647,3694,1370,2324,354,71,2131,25,101,3381,23,145,141,1339,0,503,2932,15992,62894.0
2166,ANDHRA PRADESH,CUDDAPAH,2004,96,58,0,14,0,14,39,31,8,3,0,5,111,275,68,207,74,16,120,1,37,1153,7,118,49,120,0,317,1494,4107,6287.94
2895,ANDHRA PRADESH,CUDDAPAH,2005,96,0,0,21,0,21,36,31,5,9,0,11,152,297,79,218,66,21,114,7,34,783,7,116,18,95,0,343,1846,4072,7050.27
3628,ANDHRA PRADESH,CUDDAPAH,2006,98,0,3,25,0,25,68,51,17,4,0,15,157,377,84,293,148,19,184,6,32,985,10,130,84,199,0,422,2332,5298,12448.79
4368,ANDHRA PRADESH,CUDDAPAH,2007,96,47,3,32,0,32,76,68,8,4,0,8,163,420,106,314,85,30,221,4,29,982,8,139,94,242,0,467,2350,5500,14393.29
5111,ANDHRA PRADESH,CUDDAPAH,2008,114,94,5,27,0,27,76,64,12,2,0,12,149,537,151,386,143,28,248,3,11,1149,11,212,37,267,0,496,2984,6605,11911.79
5872,ANDHRA PRADESH,CUDDAPAH,2009,93,44,0,27,0,27,57,47,10,2,0,9,103,460,144,316,162,30,206,5,44,1061,17,165,52,124,0,522,2327,5510,13197.0
6639,ANDHRA PRADESH,CUDDAPAH,2010,99,40,5,39,0,39,63,51,12,2,0,9,144,488,133,355,99,37,152,4,37,1385,15,137,45,321,0,484,2089,5694,16548.0
7418,ANDHRA PRADESH,CUDDAPAH,2011,120,67,6,41,0,41,73,65,8,3,0,4,143,586,248,338,105,36,163,5,29,2050,15,144,17,122,0,489,1122,5340,18875.0
8209,ANDHRA PRADESH,CUDDAPAH,2012,118,96,2,26,0,26,76,44,32,4,0,9,136,513,154,359,114,76,332,0,6,2355,13,217,37,120,0,500,1360,6110,21440.0
2172,ANDHRA PRADESH,KARIMNAGAR,2004,123,93,9,85,0,85,124,98,26,7,0,25,236,540,75,465,184,55,444,12,64,2902,61,370,155,717,0,360,1482,8048,9090.45
2901,ANDHRA PRADESH,KARIMNAGAR,2005,164,96,1,84,0,84,131,91,40,10,0,37,310,740,16,724,174,61,630,3,65,2936,52,328,143,839,0,357,1714,8875,11321.09
3634,ANDHRA PRADESH,KARIMNAGAR,2006,147,103,8,73,0,73,151,119,32,3,0,22,225,699,24,675,117,32,481,15,45,1775,47,371,195,698,0,418,2516,8141,12782.47
4374,ANDHRA PRADESH,KARIMNAGAR,2007,123,95,5,73,0,73,152,135,17,3,0,16,301,803,8,795,158,52,432,0,55,2971,61,315,278,687,0,483,1472,8535,14890.5
5117,ANDHRA PRADESH,KARIMNAGAR,2008,134,114,12,84,0,84,159,148,11,1,1,15,294,697,158,539,153,36,525,5,56,2937,48,310,273,596,0,519,1368,8337,18253.43
5878,ANDHRA PRADESH,KARIMNAGAR,2009,91,98,15,48,0,48,128,106,22,2,20,15,250,528,125,403,185,25,396,3,75,2751,40,292,234,635,0,517,1554,7902,19224.0
6646,ANDHRA PRADESH,KARIMNAGAR,2010,139,86,8,65,0,65,158,128,30,2,0,16,282,673,251,422,158,41,489,1,56,2791,39,237,241,636,0,571,1631,8320,25066.0
7425,ANDHRA PRADESH,KARIMNAGAR,2011,150,124,6,58,0,58,172,120,52,2,6,20,339,792,288,504,179,59,588,3,73,2801,40,253,235,702,0,574,1797,8973,28257.0
8216,ANDHRA PRADESH,KARIMNAGAR,2012,128,112,11,40,0,40,141,98,43,4,0,25,326,860,228,632,112,65,678,3,63,2636,46,224,232,759,0,574,1952,8991,32165.0
2173,ANDHRA PRADESH,KHAMMAM,2004,108,52,4,43,0,43,70,46,24,6,0,23,242,482,85,397,122,37,166,0,45,1136,18,176,310,400,0,352,2136,5928,8194.36
2902,ANDHRA PRADESH,KHAMMAM,2005,110,69,3,21,0,21,66,40,26,9,0,25,208,567,96,471,151,30,166,5,48,1065,14,150,240,313,0,394,2103,5757,9041.8
3635,ANDHRA PRADESH,KHAMMAM,2006,134,59,2,44,0,44,91,58,33,11,0,19,218,581,98,483,183,25,157,10,19,1202,17,171,129,327,0,405,2157,5961,10194.87
4375,ANDHRA PRADESH,KHAMMAM,2007,125,58,5,81,0,81,104,73,31,4,0,27,242,562,93,469,159,20,162,10,28,1137,28,176,272,422,0,463,2130,6215,12203.87
5118,ANDHRA PRADESH,KHAMMAM,2008,123,47,5,70,0,70,103,83,20,3,5,9,251,560,186,374,97,23,150,8,28,1089,26,213,24,329,0,492,2179,5834,15183.27
5879,ANDHRA PRADESH,KHAMMAM,2009,118,69,3,98,0,98,108,96,12,6,3,23,253,512,184,328,138,31,164,8,11,1111,18,205,152,519,0,478,2200,6228,16439.0
6647,ANDHRA PRADESH,KHAMMAM,2010,93,70,4,62,0,62,71,66,5,2,0,11,210,511,172,339,130,25,233,4,38,1994,17,147,129,354,0,497,969,5571,19857.0
7426,ANDHRA PRADESH,KHAMMAM,2011,108,98,6,84,0,84,81,73,8,5,0,12,262,540,212,328,157,18,199,1,19,1945,20,243,140,519,0,528,976,5961,21412.0
8217,ANDHRA PRADESH,KHAMMAM,2012,130,110,7,78,0,78,73,62,11,5,0,14,284,528,157,371,150,22,251,9,33,1956,13,233,172,231,0,547,1195,6041,24402.0
2174,ANDHRA PRADESH,KRISHNA,2004,60,57,1,33,0,33,28,13,15,4,0,13,197,732,31,701,53,16,162,8,31,2070,13,182,108,362,0,243,1004,5377,14736.31
2903,ANDHRA PRADESH,KRISHNA,2005,69,74,0,27,0,27,45,26,19,3,0,17,155,653,64,589,44,17,202,4,45,2176,11,209,104,337,0,318,825,5335,16003.39
3636,ANDHRA PRADESH,KRISHNA,2006,73,60,1,36,0,36,54,38,16,1,0,2,182,540,75,465,32,16,126,12,60,2423,9,168,74,296,0,330,772,5267,18469.15
4376,ANDHRA PRADESH,KRISHNA,2007,64,52,1,27,0,27,57,47,10,0,0,10,164,521,65,456,20,16,147,8,53,2370,13,161,150,348,0,307,689,5178,22391.46
5119,ANDHRA PRADESH,KRISHNA,2008,53,63,4,38,0,38,69,52,17,0,0,11,166,587,121,466,13,9,114,13,38,2434,12,254,93,379,0,403,775,5528,26502.77
5880,ANDHRA PRADESH,KRISHNA,2009,72,104,3,43,0,43,49,35,14,2,1,11,168,519,134,385,43,26,135,11,36,2578,14,297,130,402,0,397,852,5893,31808.0
6648,ANDHRA PRADESH,KRISHNA,2010,80,79,1,54,0,54,75,67,8,2,1,9,195,563,107,456,36,13,171,6,28,2323,22,300,149,412,0,440,860,5819,35452.0
7427,ANDHRA PRADESH,KRISHNA,2011,70,78,1,80,0,80,89,75,14,2,0,13,264,592,145,447,32,33,203,2,50,2606,15,348,292,733,0,416,938,6857,40069.0
8218,ANDHRA PRADESH,KRISHNA,2012,78,53,1,67,0,67,67,55,12,2,0,9,263,673,139,534,26,54,218,7,52,2601,16,341,309,791,0,415,1168,7211,46282.0
2175,ANDHRA PRADESH,KURNOOL,2004,112,96,3,29,0,29,46,32,14,5,0,15,179,328,101,227,125,22,221,6,48,1271,6,242,157,230,0,357,1874,5372,7994.95
2904,ANDHRA PRADESH,KURNOOL,2005,140,95,6,29,0,29,42,30,12,16,0,16,179,373,87,286,125,13,242,12,28,1159,9,221,124,233,0,369,1835,5266,10170.95
3637,ANDHRA PRADESH,KURNOOL,2006,132,101,1,35,0,35,85,70,15,6,0,6,223,358,13,345,158,23,143,15,33,1268,9,341,157,157,0,459,2113,5823,10428.54
4377,ANDHRA PRADESH,KURNOOL,2007,124,119,2,36,0,36,85,64,21,12,0,11,247,406,121,285,88,37,226,12,41,1234,7,327,219,364,0,465,2097,6159,13636.17
5120,ANDHRA PRADESH,KURNOOL,2008,116,143,5,47,0,47,89,72,17,14,0,28,252,530,160,370,158,22,282,9,9,2972,17,419,232,227,0,551,1713,7835,16400.6
5881,ANDHRA PRADESH,KURNOOL,2009,103,170,2,31,0,31,83,73,10,9,0,19,282,495,189,306,167,28,265,15,46,1713,17,398,365,239,0,522,3033,8002,17560.0
6649,ANDHRA PRADESH,KURNOOL,2010,156,145,6,49,0,49,85,67,18,5,0,20,211,491,164,327,84,28,301,9,41,1500,19,347,268,501,0,593,2399,7258,21199.0
7428,ANDHRA PRADESH,KURNOOL,2011,153,177,4,39,0,39,76,58,18,9,0,19,240,555,166,389,116,13,382,4,45,1611,20,340,222,424,0,553,2439,7441,22657.0
8219,ANDHRA PRADESH,KURNOOL,2012,111,143,4,22,0,22,58,46,12,3,0,18,246,518,4,514,71,13,329,5,34,2382,15,331,75,166,0,549,1594,6687,25963.0
2176,ANDHRA PRADESH,MAHABOOBNAGAR,2004,183,87,23,56,0,56,63,52,11,15,0,36,290,479,2,477,171,38,109,7,40,902,21,164,10,251,0,522,1078,4545,7107.02
2905,ANDHRA PRADESH,MAHABOOBNAGAR,2005,212,102,16,62,0,62,59,47,12,21,0,43,277,575,56,519,112,20,107,8,57,1713,17,140,7,237,0,536,1303,5624,8880.44
3638,ANDHRA PRADESH,MAHABOOBNAGAR,2006,191,75,17,67,0,67,73,62,11,9,0,28,190,738,4,734,125,32,169,3,53,2088,33,201,9,287,0,618,1314,6320,9501.84
4378,ANDHRA PRADESH,MAHABOOBNAGAR,2007,173,63,31,87,0,87,86,75,11,10,0,34,261,759,6,753,87,19,198,4,77,2151,27,132,21,218,0,666,1285,6389,11879.77
5121,ANDHRA PRADESH,MAHABOOBNAGAR,2008,188,66,30,72,0,72,104,87,17,9,0,36,256,923,8,915,65,16,173,9,56,2306,35,162,38,231,0,696,1190,6661,14006.14
5882,ANDHRA PRADESH,MAHABOOBNAGAR,2009,158,68,18,74,0,74,103,101,2,1,0,16,256,1009,5,1004,120,18,171,16,73,2269,24,215,75,299,0,740,1249,6972,16593.0
6650,ANDHRA PRADESH,MAHABOOBNAGAR,2010,177,58,14,89,0,89,87,78,9,1,0,24,253,1224,7,1217,46,28,185,3,37,1903,34,174,78,233,0,734,1322,6704,20428.0
7429,ANDHRA PRADESH,MAHABOOBNAGAR,2011,188,85,28,88,0,88,74,69,5,3,0,15,236,1168,10,1158,67,25,194,4,76,1955,28,162,66,259,0,708,1246,6675,22480.0
8220,ANDHRA PRADESH,MAHABOOBNAGAR,2012,182,90,15,56,0,56,76,70,6,3,0,16,235,961,9,952,58,24,189,4,38,1870,27,154,45,204,0,796,1442,6485,25814.0
2177,ANDHRA PRADESH,MEDAK,2004,127,36,10,52,0,52,49,32,17,10,0,19,257,505,88,417,53,33,139,11,55,1888,41,86,54,229,0,449,686,4789,8906.57
2906,ANDHRA PRADESH,MEDAK,2005,133,45,10,36,0,36,38,27,11,15,0,24,213,424,77,347,32,22,108,14,35,1478,28,88,35,209,0,462,575,4024,10613.4
3639,ANDHRA PRADESH,MEDAK,2006,134,69,9,57,0,57,63,39,24,5,0,28,289,558,113,445,72,23,218,6,72,2057,33,107,59,276,0,582,885,5602,13879.77
4379,ANDHRA PRADESH,MEDAK,2007,128,95,13,51,0,51,65,56,9,2,0,25,268,602,133,469,62,11,253,3,66,1869,49,115,96,346,0,963,988,6070,14716.18
5122,ANDHRA PRADESH,MEDAK,2008,140,57,10,50,0,50,62,44,18,7,0,20,297,641,145,496,57,24,241,9,37,2190,35,114,61,332,0,672,933,5989,18732.63
5883,ANDHRA PRADESH,MEDAK,2009,120,61,8,46,0,46,61,51,10,4,0,25,260,598,128,470,69,19,268,4,54,2010,27,118,58,368,0,607,1102,5887,20744.0
6651,ANDHRA PRADESH,MEDAK,2010,96,59,11,49,0,49,83,68,15,7,0,21,325,544,168,376,46,13,231,2,58,1654,29,103,95,316,0,655,872,5269,30668.0
7430,ANDHRA PRADESH,MEDAK,2011,141,57,14,38,0,38,40,33,7,6,0,19,331,564,154,410,72,13,250,8,62,1725,26,121,50,384,0,749,999,5669,36418.0
8221,ANDHRA PRADESH,MEDAK,2012,113,43,5,26,0,26,54,45,9,6,0,17,409,693,158,535,130,21,324,2,52,1674,20,112,55,475,0,641,1198,6070,40075.0
2178,ANDHRA PRADESH,NALGONDA,2004,118,59,5,46,0,46,72,57,15,4,0,26,205,401,83,318,115,26,156,5,69,1368,34,200,66,272,0,528,2234,6009,7658.54
2907,ANDHRA PRADESH,NALGONDA,2005,138,46,6,49,0,49,51,31,20,13,0,37,248,480,78,402,102,40,243,6,62,1274,30,223,95,344,0,603,2480,6570,9047.11
3640,ANDHRA PRADESH,NALGONDA,2006,132,47,4,61,0,61,86,71,15,14,0,31,209,521,92,429,208,20,247,5,73,1853,40,246,126,395,0,638,2977,7933,10423.51
4380,ANDHRA PRADESH,NALGONDA,2007,135,55,4,69,0,69,87,75,12,8,0,45,240,468,109,359,117,16,232,6,82,1816,36,233,112,429,0,718,3052,7960,14736.51
5123,ANDHRA PRADESH,NALGONDA,2008,121,76,3,90,0,90,91,76,15,7,0,31,279,551,132,419,135,24,218,7,77,1762,32,243,155,353,0,728,3043,8026,18346.31
5884,ANDHRA PRADESH,NALGONDA,2009,124,63,7,77,0,77,109,75,34,9,0,32,272,494,107,387,107,36,282,8,97,1808,41,254,205,364,0,746,3482,8617,18634.0
6652,ANDHRA PRADESH,NALGONDA,2010,118,68,5,68,0,68,81,81,0,4,0,36,303,595,191,404,99,46,245,4,57,1420,32,195,192,218,0,748,3202,7736,22185.0
7431,ANDHRA PRADESH,NALGONDA,2011,101,95,5,48,0,48,84,51,33,2,0,19,294,612,150,462,130,31,264,6,62,1374,36,229,150,255,0,778,3065,7640,24830.0
8222,ANDHRA PRADESH,NALGONDA,2012,86,88,6,52,0,52,89,79,10,9,0,20,323,802,191,611,115,44,400,5,70,2995,20,246,264,302,0,800,2198,8934,28174.0
2179,ANDHRA PRADESH,NELLORE,2004,94,248,13,107,0,107,72,55,17,49,0,40,421,873,219,654,263,24,307,2,62,1919,11,173,88,142,0,516,1623,7047,7612.73
2908,ANDHRA PRADESH,NELLORE,2005,86,73,3,33,0,33,74,65,9,6,0,26,205,759,152,607,66,31,166,7,39,1961,11,205,84,166,0,310,972,5283,8607.98
3641,ANDHRA PRADESH,NELLORE,2006,78,74,5,35,0,35,69,49,20,8,0,21,192,664,153,511,97,25,152,8,68,2265,10,192,137,294,0,365,1046,5805,10215.8
4381,ANDHRA PRADESH,NELLORE,2007,68,81,3,44,0,44,67,65,2,2,0,11,239,718,169,549,63,30,168,5,59,2299,14,203,123,331,0,416,1047,5991,11952.25
5124,ANDHRA PRADESH,NELLORE,2008,70,73,6,39,0,39,83,73,10,4,1,23,266,735,249,486,43,79,121,19,52,2408,6,184,130,333,0,414,1029,6118,14451.33
5885,ANDHRA PRADESH,NELLORE,2009,66,82,3,32,0,32,50,48,2,14,0,7,189,599,206,393,41,44,193,17,38,2304,3,287,128,305,0,485,980,5867,16455.0
6653,ANDHRA PRADESH,NELLORE,2010,72,86,2,28,0,28,77,74,3,6,0,11,237,780,299,481,34,38,244,6,43,1951,6,176,119,382,0,484,997,5779,18231.0
7432,ANDHRA PRADESH,NELLORE,2011,61,82,3,28,0,28,85,81,4,2,1,18,208,943,295,648,36,87,229,6,51,2237,7,166,119,187,0,460,1278,6294,22349.0
8223,ANDHRA PRADESH,NELLORE,2012,94,86,1,23,0,23,90,72,18,5,0,42,292,833,255,578,22,107,163,5,45,2550,9,210,142,405,0,490,1240,6854,25569.0
2180,ANDHRA PRADESH,NIZAMABAD,2004,96,54,27,24,0,24,56,19,37,14,0,29,349,360,36,324,81,20,174,3,40,1856,17,74,46,339,0,247,898,4804,4869.16
2909,ANDHRA PRADESH,NIZAMABAD,2005,88,38,16,26,0,26,57,32,25,15,0,41,292,494,90,404,49,21,183,10,36,2025,16,88,41,410,0,283,830,5059,5940.28
3642,ANDHRA PRADESH,NIZAMABAD,2006,110,83,11,36,0,36,71,46,25,17,1,43,329,593,121,472,139,16,208,3,28,2127,18,115,64,431,0,371,998,5812,6557.73
4382,ANDHRA PRADESH,NIZAMABAD,2007,151,77,9,23,0,23,60,48,12,22,1,17,287,490,83,407,84,20,161,5,40,1695,25,88,59,455,0,418,991,5178,7976.66
5125,ANDHRA PRADESH,NIZAMABAD,2008,153,61,17,31,0,31,51,25,26,7,0,31,338,686,96,590,67,28,241,6,47,1969,16,70,85,305,0,420,1080,5709,11428.43
5886,ANDHRA PRADESH,NIZAMABAD,2009,106,55,3,27,0,27,46,41,5,4,0,16,241,417,105,312,37,18,201,15,49,1595,19,79,75,518,0,408,961,4890,10507.0
6654,ANDHRA PRADESH,NIZAMABAD,2010,98,45,8,62,0,62,65,50,15,4,0,23,329,704,205,499,56,12,206,7,36,1805,21,114,75,626,0,442,1077,5815,14242.0
7433,ANDHRA PRADESH,NIZAMABAD,2011,135,55,9,63,0,63,84,51,33,9,0,30,408,766,231,535,88,27,248,4,20,1900,27,98,100,569,0,506,1245,6391,15163.0
8224,ANDHRA PRADESH,NIZAMABAD,2012,113,48,12,35,0,35,38,23,15,4,0,15,345,613,178,435,66,33,297,3,47,1332,19,100,102,596,0,444,1280,5542,17407.0
2181,ANDHRA PRADESH,PRAKASHAM,2004,103,93,4,19,0,19,44,37,7,8,0,22,158,298,94,204,45,24,116,3,27,1473,6,130,24,146,0,296,842,3881,8507.54
2910,ANDHRA PRADESH,PRAKASHAM,2005,106,82,6,27,0,27,52,43,9,10,0,19,181,406,71,335,56,22,188,10,28,1317,7,169,27,156,0,320,1154,4343,9959.52
3643,ANDHRA PRADESH,PRAKASHAM,2006,92,111,3,23,0,23,83,68,15,5,0,30,279,559,102,457,99,30,266,2,30,1807,8,200,68,249,0,395,1437,5776,11801.02
4383,ANDHRA PRADESH,PRAKASHAM,2007,78,63,1,40,0,40,74,65,9,4,0,20,207,511,126,385,27,27,199,12,122,1303,7,171,266,261,0,352,1910,5655,13304.8
5126,ANDHRA PRADESH,PRAKASHAM,2008,75,59,4,30,0,30,66,53,13,5,0,12,173,413,124,289,28,35,216,10,124,1222,5,192,38,229,0,445,2072,5453,17495.58
5887,ANDHRA PRADESH,PRAKASHAM,2009,78,91,6,27,0,27,66,44,22,1,0,3,180,423,132,291,47,31,194,15,26,1303,14,197,51,248,0,510,2614,6125,19389.0
6655,ANDHRA PRADESH,PRAKASHAM,2010,98,99,2,29,0,29,84,65,19,8,0,14,188,455,56,399,23,47,188,1,32,1118,13,253,32,216,0,488,2054,5442,23450.0
7434,ANDHRA PRADESH,PRAKASHAM,2011,88,111,5,24,0,24,100,81,19,7,0,15,202,510,174,336,53,71,276,7,34,1397,11,243,56,266,0,495,2009,5980,26593.0
8225,ANDHRA PRADESH,PRAKASHAM,2012,108,117,5,37,0,37,84,69,15,2,0,27,258,674,230,444,41,68,362,9,19,2523,16,213,47,263,0,491,1311,6675,30474.0
2182,ANDHRA PRADESH,RANGA REDDY,2004,73,39,6,25,0,25,26,22,4,0,0,11,170,205,20,185,42,5,41,1,60,883,17,49,15,136,0,125,311,2240,13310.46
2911,ANDHRA PRADESH,RANGA REDDY,2005,62,26,4,15,0,15,16,14,2,7,0,9,138,160,63,97,23,13,51,3,42,867,22,45,13,119,0,126,366,2127,17377.63
3644,ANDHRA PRADESH,RANGA REDDY,2006,57,26,5,9,0,9,29,10,19,0,0,7,85,126,20,106,33,3,52,0,37,918,15,50,9,67,0,168,332,2028,21023.21
4384,ANDHRA PRADESH,RANGA REDDY,2007,72,21,6,21,0,21,27,10,17,3,0,2,110,150,18,132,19,8,67,0,26,872,25,40,10,93,0,182,416,2170,24916.8
5127,ANDHRA PRADESH,RANGA REDDY,2008,91,35,8,37,0,37,23,13,10,2,0,8,142,184,28,156,19,15,65,2,30,855,19,39,25,120,0,190,510,2419,31846.81
5888,ANDHRA PRADESH,RANGA REDDY,2009,63,27,4,26,0,26,29,20,9,2,0,5,99,128,12,116,18,3,57,2,20,777,20,44,25,108,0,139,446,2042,34069.0
6657,ANDHRA PRADESH,RANGA REDDY,2010,33,26,5,19,0,19,21,19,2,0,0,4,66,120,24,96,20,4,59,1,17,638,19,39,26,75,0,167,317,1676,48226.0
7436,ANDHRA PRADESH,RANGA REDDY,2011,75,19,5,24,0,24,24,20,4,1,0,6,88,132,34,98,38,8,60,0,11,592,15,50,2,89,0,188,365,1792,54814.0
8227,ANDHRA PRADESH,RANGA REDDY,2012,72,27,5,27,0,27,22,21,1,5,0,11,148,175,33,142,22,5,79,0,26,600,16,58,31,152,0,190,423,2094,61199.0
2184,ANDHRA PRADESH,SRIKAKULAM,2004,26,30,14,15,0,15,15,13,2,2,0,3,108,196,0,196,26,24,79,1,5,699,14,58,11,165,0,576,754,2821,5059.99
2913,ANDHRA PRADESH,SRIKAKULAM,2005,36,0,2,15,1,14,17,16,1,1,0,11,101,211,5,206,18,18,58,11,28,1200,9,51,40,137,0,191,531,2686,5570.88
3646,ANDHRA PRADESH,SRIKAKULAM,2006,46,0,6,27,0,27,21,21,0,0,0,2,119,214,0,214,71,14,69,3,26,1184,3,70,25,188,0,208,720,3016,6482.82
4386,ANDHRA PRADESH,SRIKAKULAM,2007,31,5,0,30,0,30,19,19,0,2,0,8,142,206,16,190,35,17,93,4,40,1607,12,99,57,345,0,263,883,3898,7615.25
5129,ANDHRA PRADESH,SRIKAKULAM,2008,25,0,2,32,0,32,18,14,4,2,0,4,147,219,21,198,8,8,59,12,26,1632,6,92,72,314,0,269,961,3908,8835.04
5890,ANDHRA PRADESH,SRIKAKULAM,2009,31,2,1,21,0,21,20,20,0,1,0,5,125,162,2,160,8,22,63,16,18,755,6,67,44,211,0,229,1547,3354,10427.0
6659,ANDHRA PRADESH,SRIKAKULAM,2010,31,43,0,35,0,35,31,31,0,2,0,7,139,306,5,301,53,12,99,1,21,833,5,93,92,233,0,317,2557,4910,12149.0
7438,ANDHRA PRADESH,SRIKAKULAM,2011,40,65,3,29,0,29,28,23,5,3,0,7,124,254,14,240,100,24,73,0,24,1654,8,91,83,333,0,287,931,4161,14023.0
8229,ANDHRA PRADESH,SRIKAKULAM,2012,35,40,1,39,0,39,18,18,0,1,0,9,112,179,7,172,9,14,107,1,21,1511,3,116,69,312,0,272,949,3818,16050.0
2188,ANDHRA PRADESH,VISAKHAPATNAM,2004,27,27,3,12,0,12,27,16,11,1,0,12,333,733,176,557,3,62,280,2,8,374,1,24,43,243,0,183,784,3182,19371.01
2917,ANDHRA PRADESH,VISAKHAPATNAM,2005,27,48,0,28,0,28,37,15,22,6,1,19,393,987,298,689,31,58,279,24,8,495,2,45,86,361,0,184,1336,4455,20497.1
3650,ANDHRA PRADESH,VISAKHAPATNAM,2006,37,30,1,21,0,21,49,40,9,3,1,27,417,1121,356,765,28,66,261,27,8,540,10,62,30,397,0,247,2095,5478,24695.94
4390,ANDHRA PRADESH,VISAKHAPATNAM,2007,21,23,1,24,0,24,39,23,16,9,1,24,370,1215,417,798,24,65,285,16,9,513,14,100,25,535,0,255,1912,5480,30570.33
5133,ANDHRA PRADESH,VISAKHAPATNAM,2008,32,36,1,29,0,29,34,26,8,3,0,28,263,1045,343,702,14,31,267,21,10,412,13,87,2,488,0,313,1886,5015,30638.93
5894,ANDHRA PRADESH,VISAKHAPATNAM,2009,28,25,4,39,0,39,48,26,22,1,0,21,311,1040,420,620,12,62,270,19,13,473,13,95,54,481,0,428,1979,5416,37274.0
6664,ANDHRA PRADESH,VISAKHAPATNAM,2010,24,25,4,53,0,53,34,24,10,8,0,40,335,1234,134,1100,2,75,294,16,28,2443,11,59,52,393,0,466,1516,7112,42841.0
7443,ANDHRA PRADESH,VISAKHAPATNAM,2011,39,34,5,57,0,57,50,48,2,13,0,28,283,1284,393,891,3,57,244,4,11,1308,12,31,50,386,0,410,577,4886,50503.0
8234,ANDHRA PRADESH,VISAKHAPATNAM,2012,44,27,1,50,0,50,27,20,7,14,0,27,366,1062,301,761,12,68,252,6,10,1207,11,23,11,412,0,395,601,4626,56668.0
2189,ANDHRA PRADESH,VIZIANAGARAM,2004,42,17,2,14,0,14,8,7,1,4,0,8,106,196,0,196,15,16,62,0,0,403,6,53,26,155,0,186,1145,2464,4988.9
2918,ANDHRA PRADESH,VIZIANAGARAM,2005,43,9,1,12,0,12,9,9,0,6,0,6,87,217,2,215,12,10,58,2,3,400,7,41,28,186,0,194,1229,2560,5315.09
3651,ANDHRA PRADESH,VIZIANAGARAM,2006,35,17,0,16,0,16,20,16,4,6,0,8,89,171,1,170,50,10,57,5,8,549,5,69,22,171,0,218,1429,2955,6125.5
4391,ANDHRA PRADESH,VIZIANAGARAM,2007,34,30,0,10,0,10,23,20,3,3,0,5,97,253,1,252,17,8,66,5,11,495,3,90,46,270,0,239,1551,3256,7639.31
5134,ANDHRA PRADESH,VIZIANAGARAM,2008,29,21,3,6,0,6,16,14,2,0,0,1,147,206,0,206,12,6,99,12,21,478,3,88,60,253,0,270,1411,3142,8886.84
5895,ANDHRA PRADESH,VIZIANAGARAM,2009,30,24,2,13,0,13,15,12,3,1,0,4,128,242,1,241,8,12,118,19,15,523,8,103,105,297,0,265,1519,3451,10104.0
6665,ANDHRA PRADESH,VIZIANAGARAM,2010,26,40,2,32,0,32,19,15,4,1,0,6,122,269,0,269,0,11,117,6,15,526,14,101,85,312,0,312,1846,3862,12187.0
7444,ANDHRA PRADESH,VIZIANAGARAM,2011,38,32,3,50,0,50,26,20,6,0,0,11,128,344,0,344,8,15,102,1,8,1551,5,79,99,384,0,266,1668,4818,13864.0
8235,ANDHRA PRADESH,VIZIANAGARAM,2012,44,36,7,44,0,44,21,20,1,2,0,4,162,263,2,261,1,11,118,0,15,1504,3,96,103,363,0,289,1396,4482,15858.0
2190,ANDHRA PRADESH,WARANGAL,2004,111,67,7,53,0,53,125,88,37,9,0,31,352,670,175,495,304,9,400,6,0,1902,43,228,0,162,0,434,2804,7717,7349.51
2919,ANDHRA PRADESH,WARANGAL,2005,117,93,2,34,0,34,82,64,18,7,0,29,318,650,181,469,249,15,300,17,45,1615,29,226,50,332,0,353,2120,6683,8530.56
3652,ANDHRA PRADESH,WARANGAL,2006,116,89,2,50,0,50,103,78,25,1,0,19,319,718,188,530,464,15,290,10,70,1743,40,230,56,480,0,487,2577,7879,9289.9
4392,ANDHRA PRADESH,WARANGAL,2007,106,61,5,57,0,57,138,109,29,1,0,15,277,697,202,495,217,8,294,9,63,1690,56,279,50,608,0,469,2233,7333,11233.17
5135,ANDHRA PRADESH,WARANGAL,2008,121,73,5,59,0,59,82,62,20,1,0,3,263,455,140,315,173,15,304,14,44,1562,36,223,54,519,0,512,2240,6758,13705.13
5896,ANDHRA PRADESH,WARANGAL,2009,103,42,5,70,0,70,140,130,10,3,0,14,277,516,216,300,289,9,365,7,40,1421,49,234,25,432,0,510,2928,7479,14441.0
6666,ANDHRA PRADESH,WARANGAL,2010,49,19,5,28,0,28,49,39,10,3,0,6,141,132,5,127,146,0,131,2,10,803,7,98,10,50,0,248,780,2717,19107.0
7445,ANDHRA PRADESH,WARANGAL,2011,72,32,8,48,0,48,68,62,6,1,0,12,234,338,8,330,208,8,179,1,27,975,26,157,27,89,0,305,1701,4516,20255.0
8236,ANDHRA PRADESH,WARANGAL,2012,75,47,10,56,0,56,66,58,8,3,0,22,262,388,69,319,173,5,197,6,25,1482,20,117,34,101,0,306,1327,4722,23247.0
